"_col0","_col1","_col2","output","sex"
"76","34","54.55555555555556","1","0"
"66","43","59.041666666666664","0","0"
"70","29","50.903225806451616","1","1"
"77","35","56.08771929824562","0","1"
